{
    "height": 1080,
    "width": 1920,
    "distortion_model": "plumb_bob",
    "D": [
        0.07028964906930923,
        -0.0990256667137146,
        -1.3395343557931483e-05,
        1.447662270948058e-05,
        0.04023123160004616
    ],
    "K": [
        [
            1126.5224609375,
            0.0,
            950.210205078125
        ],
        [
            0.0,
            1125.764404296875,
            545.1613159179688
        ],
        [
            0.0,
            0.0,
            1.0
        ]
    ],
    "R": [
        [
            1.0,
            0.0,
            0.0
        ],
        [
            0.0,
            1.0,
            0.0
        ],
        [
            0.0,
            0.0,
            1.0
        ]
    ],
    "P": [
        [
            1126.5224609375,
            0.0,
            950.210205078125,
            0.0
        ],
        [
            0.0,
            1125.764404296875,
            545.1613159179688,
            0.0
        ],
        [
            0.0,
            0.0,
            1.0,
            0.0
        ]
    ]
}