{
    "translation": {
        "x": 0.052952594821087495,
        "y": 0.04224612558027589,
        "z": 1.0228448093572515
    },
    "rotation": {
        "x": -0.6728716134188296,
        "y": -0.6832430604874766,
        "z": 0.2094177218324634,
        "w": -0.19122481516097528
    },
    "frame_id": "camera_4_color_optical_frame"
}